cluster_label,cluster_size,keyword,language
life socrates quotes,23,socrates quotes fitness,en
life socrates quotes,23,socrates quotes for life,en
life socrates quotes,23,socrates quotes for love,en
life socrates quotes,23,socrates quotes for students,en
life socrates quotes,23,socrates quotes from the apology,en
life socrates quotes,23,socrates quotes from the republic,en
life socrates quotes,23,socrates quotes gossip,en
life socrates quotes,23,socrates quotes life,en
life socrates quotes,23,socrates quotes life worth living,en
life socrates quotes,23,socrates quotes on fitness,en
life socrates quotes,23,socrates quotes on life,en
life socrates quotes,23,socrates quotes the unexamined life,en
life socrates quotes,23,socrates quotes unexamined life,en
life socrates quotes,23,the unexamined life is not worth living,en
life socrates quotes,23,the unexamined life is not worth living in greek,en
life socrates quotes,23,the unexamined life is not worth living in tagalog,en
life socrates quotes,23,the unexamined life is not worth living meaning,en
life socrates quotes,23,the unexamined life is not worth living meaning essay,en
life socrates quotes,23,the unexamined life is not worth living meaning in hindi,en
life socrates quotes,23,the unexamined life is not worth living meaning in tagalog,en
life socrates quotes,23,the unexamined life is not worth living socrates meaning,en
life socrates quotes,23,the unexamined life is not worth living who said this,en
life socrates quotes,23,the unexamined life is not worth living. — socrates,en
quotes philosophy death,20,best philosophy quotes about death,en
quotes philosophy death,20,chinese philosophy quotes,en
quotes philosophy death,20,chinese philosophy tao,en
quotes philosophy death,20,confucius quotes in chinese,en
quotes philosophy death,20,confucius quotes in hindi,en
quotes philosophy death,20,confucius quotes meme,en
quotes philosophy death,20,famous philosophy quotes about death,en
quotes philosophy death,20,latin philosophy quotes about death,en
quotes philosophy death,20,philosophy quotes about death,en
quotes philosophy death,20,philosophy quotes best,en
quotes philosophy death,20,philosophy quotes by confucius,en
quotes philosophy death,20,philosophy quotes death,en
quotes philosophy death,20,philosophy quotes famous,en
quotes philosophy death,20,philosophy quotes hindi,en
quotes philosophy death,20,philosophy quotes in hindi,en
quotes philosophy death,20,philosophy quotes in latin,en
quotes philosophy death,20,philosophy quotes latin,en
quotes philosophy death,20,philosophy quotes meme,en
quotes philosophy death,20,philosophy quotes most famous,en
quotes philosophy death,20,philosophy quotes on death,en
quotes philosophy book,19,philosophy quotes about yourself,en
quotes philosophy book,19,philosophy quotes about youth,en
quotes philosophy book,19,philosophy quotes aristotle,en
quotes philosophy book,19,philosophy quotes bangla,en
quotes philosophy book,19,philosophy quotes bible,en
quotes philosophy book,19,philosophy quotes book,en
quotes philosophy book,19,philosophy quotes book pdf,en
quotes philosophy book,19,philosophy quotes by aristotle,en
quotes philosophy book,19,philosophy quotes pdf,en
quotes philosophy book,19,socrates quotes bangla,en
quotes philosophy book,19,socrates quotes book,en
quotes philosophy book,19,socrates quotes book pdf,en
quotes philosophy book,19,socrates quotes youth,en
quotes philosophy book,19,stoicism quotes book,en
quotes philosophy book,19,stoicism quotes book pdf,en
quotes philosophy book,19,stoicism quotes pdf,en
quotes philosophy book,19,what is philosophy book,en
quotes philosophy book,19,what is philosophy book pdf,en
quotes philosophy book,19,what is philosophy for book,en
quotes stoicism life,18,stoicism quotes,en
quotes stoicism life,18,stoicism quotes about change,en
quotes stoicism life,18,stoicism quotes about control,en
quotes stoicism life,18,stoicism quotes about death,en
quotes stoicism life,18,stoicism quotes about discipline,en
quotes stoicism life,18,stoicism quotes about emotions,en
quotes stoicism life,18,stoicism quotes about life,en
quotes stoicism life,18,stoicism quotes about strength,en
quotes stoicism life,18,stoicism quotes about work,en
quotes stoicism life,18,stoicism quotes control,en
quotes stoicism life,18,stoicism quotes death,en
quotes stoicism life,18,stoicism quotes for life,en
quotes stoicism life,18,stoicism quotes for work,en
quotes stoicism life,18,stoicism quotes life,en
quotes stoicism life,18,stoicism quotes on control,en
quotes stoicism life,18,stoicism quotes on death,en
quotes stoicism life,18,stoicism quotes on discipline,en
quotes stoicism life,18,stoicism quotes on life,en
quotes marcus aurelius,16,marcus aurelius quotes,en
quotes marcus aurelius,16,marcus aurelius quotes from meditations,en
quotes marcus aurelius,16,marcus aurelius quotes in latin,en
quotes marcus aurelius,16,marcus aurelius quotes on death,en
quotes marcus aurelius,16,marcus aurelius quotes on discipline,en
quotes marcus aurelius,16,marcus aurelius quotes on god,en
quotes marcus aurelius,16,marcus aurelius quotes on leadership,en
quotes marcus aurelius,16,marcus aurelius quotes on life,en
quotes marcus aurelius,16,marcus aurelius quotes on love,en
quotes marcus aurelius,16,marcus aurelius quotes stoicism,en
quotes marcus aurelius,16,philosophy quotes marcus aurelius,en
quotes marcus aurelius,16,stoicism quotes about love,en
quotes marcus aurelius,16,stoicism quotes by marcus aurelius,en
quotes marcus aurelius,16,stoicism quotes love,en
quotes marcus aurelius,16,stoicism quotes marcus aurelius,en
quotes marcus aurelius,16,stoicism quotes on love,en
epistemology ontology research,15,epistemology and ontology,en
epistemology ontology research,15,epistemology and ontology difference,en
epistemology ontology research,15,epistemology and ontology in research,en
epistemology ontology research,15,epistemology and ontology meaning,en
epistemology ontology research,15,epistemology in qualitative research,en
epistemology ontology research,15,epistemology in research,en
epistemology ontology research,15,epistemology meaning in english,en
epistemology ontology research,15,epistemology meaning in urdu,en
epistemology ontology research,15,epistemology ontology,en
epistemology ontology research,15,epistemology ontology and axiology,en
epistemology ontology research,15,epistemology qualitative research,en
epistemology ontology research,15,epistemology urdu,en
epistemology ontology research,15,epistemology urdu meaning,en
epistemology ontology research,15,what is epistemology in qualitative research,en
epistemology ontology research,15,what is epistemology in research,en
epistemology definition examples,15,epistemology deals with,en
epistemology definition examples,15,epistemology definition,en
epistemology definition examples,15,epistemology definition and examples,en
epistemology definition examples,15,epistemology definition in research,en
epistemology definition examples,15,epistemology definition simple,en
epistemology definition examples,15,epistemology examples,en
epistemology definition examples,15,epistemology examples in real life,en
epistemology definition examples,15,epistemology philosophy definition,en
epistemology definition examples,15,epistemology philosophy examples,en
epistemology definition examples,15,epistemology real life examples,en
epistemology definition examples,15,epistemology research,en
epistemology definition examples,15,epistemology simple definition,en
epistemology definition examples,15,philosophy quotes simple,en
epistemology definition examples,15,what is epistemology in simple terms,en
epistemology definition examples,15,what is metaphysics in simple terms,en
quotes philosophical life,15,philosophical quotes about death,en
quotes philosophical life,15,philosophical quotes about death and life,en
quotes philosophical life,15,philosophical quotes about death of a loved one,en
quotes philosophical life,15,philosophical quotes about life and love,en
quotes philosophical life,15,philosophical quotes about life in hindi,en
quotes philosophical life,15,philosophical quotes about life in tamil,en
quotes philosophical life,15,philosophical quotes about life socrates,en
quotes philosophical life,15,philosophical quotes about love,en
quotes philosophical life,15,philosophical quotes about love and life,en
quotes philosophical life,15,philosophical quotes about love and relationships,en
quotes philosophical life,15,philosophy quotes on life in hindi,en
quotes philosophical life,15,socrates quotes about death,en
quotes philosophical life,15,socrates quotes about life,en
quotes philosophical life,15,socrates quotes before death,en
quotes philosophical life,15,socrates quotes death,en
quotes philosophy education,15,philosophy of aikido,en
quotes philosophy education,15,philosophy of air,en
quotes philosophy education,15,philosophy quotes,en
quotes philosophy education,15,philosophy quotes about being alone,en
quotes philosophy education,15,philosophy quotes about change,en
quotes philosophy education,15,philosophy quotes about dying,en
quotes philosophy education,15,philosophy quotes about education,en
quotes philosophy education,15,philosophy quotes education,en
quotes philosophy education,15,philosophy quotes on education,en
quotes philosophy education,15,socrates quotes about education,en
quotes philosophy education,15,socrates quotes change,en
quotes philosophy education,15,socrates quotes education,en
quotes philosophy education,15,socrates quotes education is the kindling of a flame,en
quotes philosophy education,15,socrates quotes secret of change,en
quotes philosophy education,15,socrates quotes the secret of change,en
quotes philosophy socrates,15,philosophy quotes by plato,en
quotes philosophy socrates,15,philosophy quotes by socrates,en
quotes philosophy socrates,15,philosophy quotes by women,en
quotes philosophy socrates,15,philosophy quotes calendar,en
quotes philosophy socrates,15,philosophy quotes camus,en
quotes philosophy socrates,15,philosophy quotes dark,en
quotes philosophy socrates,15,philosophy quotes plato,en
quotes philosophy socrates,15,philosophy quotes socrates,en
quotes philosophy socrates,15,philosophy quotes tagalog,en
quotes philosophy socrates,15,philosophy quotes women,en
quotes philosophy socrates,15,socrates quotes about women,en
quotes philosophy socrates,15,socrates quotes plato,en
quotes philosophy socrates,15,socrates quotes tagalog,en
quotes philosophy socrates,15,socrates quotes women,en
quotes philosophy socrates,15,stoicism quotes for women,en
quotes philosophy socrates,15,philosophy quotes in marathi,en
quotes philosophy socrates,15,philosophy quotes in tamil,en
quotes philosophy socrates,15,philosophy quotes in telugu,en
quotes philosophy socrates,15,philosophy quotes in urdu,en
quotes philosophy socrates,15,philosophy quotes kierkegaard,en
quotes philosophy socrates,15,philosophy quotes kindness,en
quotes philosophy socrates,15,philosophy quotes tamil,en
quotes philosophy socrates,15,socrates quotes in tamil,en
quotes philosophy socrates,15,socrates quotes in telugu,en
quotes philosophy socrates,15,socrates quotes kindness,en
quotes philosophy socrates,15,socrates quotes tamil,en
quotes philosophy socrates,15,socrates quotes to be is to do,en
quotes philosophy socrates,15,socrates quotes urdu,en
quotes philosophy socrates,15,what is philosophy in urdu,en
quotes philosophy socrates,15,what is philosophy urdu,en
quotes confucius philosophy,14,confucius quotes,en
quotes confucius philosophy,14,confucius quotes about education,en
quotes confucius philosophy,14,confucius quotes about love,en
quotes confucius philosophy,14,confucius quotes about women,en
quotes confucius philosophy,14,confucius quotes funny,en
quotes confucius philosophy,14,confucius quotes golden rule,en
quotes confucius philosophy,14,confucius quotes on life,en
quotes confucius philosophy,14,nietzsche quotes on women,en
quotes confucius philosophy,14,philosophy quotes by nietzsche,en
quotes confucius philosophy,14,philosophy quotes for life,en
quotes confucius philosophy,14,philosophy quotes life,en
quotes confucius philosophy,14,philosophy quotes nietzsche,en
quotes confucius philosophy,14,what is philosophy education,en
quotes confucius philosophy,14,what is philosophy in education,en
philosophy epistemology meaning,14,epistemology books,en
philosophy epistemology meaning,14,epistemology books pdf,en
philosophy epistemology meaning,14,epistemology branch of philosophy,en
philosophy epistemology meaning,14,epistemology in philosophy,en
philosophy epistemology meaning,14,epistemology meaning in philosophy,en
philosophy epistemology meaning,14,epistemology meaning in tamil,en
philosophy epistemology meaning,14,epistemology meaning in telugu,en
philosophy epistemology meaning,14,epistemology philosophy,en
philosophy epistemology meaning,14,philosophy quotes meaning,en
philosophy epistemology meaning,14,philosophy quotes meaning of life,en
philosophy epistemology meaning,14,philosophy quotes on life,en
philosophy epistemology meaning,14,philosophy quotes quotes about life,en
philosophy epistemology meaning,14,what is philosophy in life,en
philosophy epistemology meaning,14,what is philosophy life,en
quotes philosophy goodreads,14,epistemology given by,en
quotes philosophy goodreads,14,epistemology god,en
quotes philosophy goodreads,14,epistemology goodreads,en
quotes philosophy goodreads,14,philosophy quotes goodreads,en
quotes philosophy goodreads,14,philosophy quotes greek,en
quotes philosophy goodreads,14,philosophy quotes happiness,en
quotes philosophy goodreads,14,philosophy quotes in malayalam,en
quotes philosophy goodreads,14,philosophy quotes malayalam,en
quotes philosophy goodreads,14,socrates quotes goodreads,en
quotes philosophy goodreads,14,socrates quotes greek,en
quotes philosophy goodreads,14,socrates quotes in greek,en
quotes philosophy goodreads,14,socrates quotes malayalam,en
quotes philosophy goodreads,14,stoicism quotes goodreads,en
quotes philosophy goodreads,14,stoicism quotes on happiness,en
quotes knowledge philosophy,14,epistemology types,en
quotes knowledge philosophy,14,epistemology types of knowledge,en
quotes knowledge philosophy,14,epistemology understanding,en
quotes knowledge philosophy,14,epistemology what is knowledge,en
quotes knowledge philosophy,14,philosophy quotes knowledge,en
quotes knowledge philosophy,14,philosophy quotes leadership,en
quotes knowledge philosophy,14,philosophy quotes long,en
quotes knowledge philosophy,14,philosophy quotes modern,en
quotes knowledge philosophy,14,philosophy quotes modern family,en
quotes knowledge philosophy,14,socrates quotes about knowledge,en
quotes knowledge philosophy,14,socrates quotes knowledge,en
quotes knowledge philosophy,14,socrates quotes long,en
quotes knowledge philosophy,14,socrates quotes on knowledge,en
quotes knowledge philosophy,14,what is philosophy long answer,en
quotes existentialism kierkegaard,13,existentialism quotes,en
quotes existentialism kierkegaard,13,existentialism quotes about life,en
quotes existentialism kierkegaard,13,existentialism quotes goodreads,en
quotes existentialism kierkegaard,13,existentialism quotes in the metamorphosis,en
quotes existentialism kierkegaard,13,existentialism quotes kierkegaard,en
quotes existentialism kierkegaard,13,existentialism quotes on freedom,en
quotes existentialism kierkegaard,13,existentialism quotes on love,en
quotes existentialism kierkegaard,13,existentialism quotes reddit,en
quotes existentialism kierkegaard,13,existentialism quotes sartre,en
quotes existentialism kierkegaard,13,kierkegaard quotes,en
quotes existentialism kierkegaard,13,kierkegaard quotes on life,en
quotes existentialism kierkegaard,13,kierkegaard quotes on love,en
quotes existentialism kierkegaard,13,philosophical quotes about love reddit,en
quotes philosophy english,13,philosophy quotes deep,en
quotes philosophy english,13,philosophy quotes descartes,en
quotes philosophy english,13,philosophy quotes dp,en
quotes philosophy english,13,philosophy quotes english,en
quotes philosophy english,13,philosophy quotes examples,en
quotes philosophy english,13,philosophy quotes explained,en
quotes philosophy english,13,philosophy quotes in english,en
quotes philosophy english,13,philosophy quotes with deep meaning,en
quotes philosophy english,13,philosophy quotes with meaning,en
quotes philosophy english,13,socrates quotes deep,en
quotes philosophy english,13,socrates quotes english,en
quotes philosophy english,13,socrates quotes explained,en
quotes philosophy english,13,socrates quotes in english,en
quotes philosophy socrates,13,philosophy quotes franz kafka,en
quotes philosophy socrates,13,philosophy quotes from socrates,en
quotes philosophy socrates,13,philosophy quotes funny,en
quotes philosophy socrates,13,philosophy quotes generator,en
quotes philosophy socrates,13,philosophy quotes images,en
quotes philosophy socrates,13,philosophy quotes kafka,en
quotes philosophy socrates,13,philosophy quotes with images,en
quotes philosophy socrates,13,socrates quotes,en
quotes philosophy socrates,13,socrates quotes about democracy,en
quotes philosophy socrates,13,socrates quotes democracy,en
quotes philosophy socrates,13,socrates quotes funny,en
quotes philosophy socrates,13,socrates quotes generator,en
quotes philosophy socrates,13,socrates quotes on democracy,en
quotes famous love,12,deep philosophical quotes about loneliness,en
quotes famous love,12,deep quotes about loneliness,en
quotes famous love,12,famous quotes about loneliness,en
quotes famous love,12,famous quotes about love,en
quotes famous love,12,famous quotes about love and life,en
quotes famous love,12,famous quotes about love and marriage,en
quotes famous love,12,famous quotes about love from movies,en
quotes famous love,12,kitaro nishida famous quotes,en
quotes famous love,12,kitaro nishida nothingness quotes,en
quotes famous love,12,kitaro nishida quotes,en
quotes famous love,12,philosophical quotes about loneliness,en
quotes famous love,12,philosophical quotes about love and marriage,en
philosophy quotes life,12,epistemology justice,en
philosophy quotes life,12,epistemology justification,en
philosophy quotes life,12,epistemology kant,en
philosophy quotes life,12,philosophy quotes about justice,en
philosophy quotes life,12,philosophy quotes about life,en
philosophy quotes life,12,philosophy quotes about life and death,en
philosophy quotes life,12,philosophy quotes about life and love,en
philosophy quotes life,12,philosophy quotes about life lessons,en
philosophy quotes life,12,philosophy quotes about life pdf,en
philosophy quotes life,12,philosophy quotes about life with explanation,en
philosophy quotes life,12,philosophy quotes kant,en
philosophy quotes life,12,what is philosophy kant,en
quotes philosophy self,12,philosophy quotes about loss,en
quotes philosophy self,12,philosophy quotes about love,en
quotes philosophy self,12,philosophy quotes about self,en
quotes philosophy self,12,philosophy quotes about self confidence,en
quotes philosophy self,12,philosophy quotes about self improvement,en
quotes philosophy self,12,philosophy quotes about self love,en
quotes philosophy self,12,philosophy quotes about self reflection,en
quotes philosophy self,12,philosophy quotes about self worth,en
quotes philosophy self,12,philosophy quotes love,en
quotes philosophy self,12,philosophy quotes on love,en
quotes philosophy self,12,socrates quotes self reflection,en
quotes philosophy self,12,what is philosophy reflection,en
quotes wisdom socrates,12,philosophy quotes website,en
quotes wisdom socrates,12,philosophy quotes widget,en
quotes wisdom socrates,12,philosophy quotes wisdom,en
quotes wisdom socrates,12,philosophy quotes with explanation,en
quotes wisdom socrates,12,socrates quotes about wisdom,en
quotes wisdom socrates,12,socrates quotes bahasa indonesia,en
quotes wisdom socrates,12,socrates quotes on wisdom,en
quotes wisdom socrates,12,socrates quotes the only true wisdom,en
quotes wisdom socrates,12,socrates quotes true wisdom,en
quotes wisdom socrates,12,socrates quotes wisdom,en
quotes wisdom socrates,12,socrates quotes with explanation,en
quotes wisdom socrates,12,what is philosophy love of wisdom,en
quotes socrates gym,12,socrates quotes gym,en
quotes socrates gym,12,socrates quotes gym wallpaper,en
quotes socrates gym,12,socrates quotes happiness,en
quotes socrates gym,12,socrates quotes health,en
quotes socrates gym,12,socrates quotes hindi,en
quotes socrates gym,12,socrates quotes if is your power,en
quotes socrates gym,12,socrates quotes if you are,en
quotes socrates gym,12,socrates quotes if your power,en
quotes socrates gym,12,socrates quotes in bengali,en
quotes socrates gym,12,socrates quotes in hindi,en
quotes socrates gym,12,socrates quotes on happiness,en
quotes socrates gym,12,socrates quotes wallpaper,en
philosophy class epistemology,11,epistemology class,en
philosophy class epistemology,11,epistemology constructivism,en
philosophy class epistemology,11,epistemology course,en
philosophy class epistemology,11,what is philosophy class,en
philosophy class epistemology,11,what is philosophy class 11,en
philosophy class epistemology,11,what is philosophy class in college,en
philosophy class epistemology,11,what is philosophy class like,en
philosophy class epistemology,11,what is philosophy grade 11,en
philosophy class epistemology,11,what is philosophy grade 12,en
philosophy class epistemology,11,what is philosophy in college,en
philosophy class epistemology,11,what is philosophy like,en
epistemology word greek,11,epistemology google scholar,en
epistemology word greek,11,epistemology greek,en
epistemology word greek,11,epistemology greek meaning,en
epistemology word greek,11,epistemology greek word,en
epistemology word greek,11,epistemology meaning in malayalam,en
epistemology word greek,11,epistemology of a word,en
epistemology word greek,11,epistemology root word,en
epistemology word greek,11,epistemology word breakdown,en
epistemology word greek,11,what is philosophy greek word,en
epistemology word greek,11,what is philosophy malayalam,en
epistemology word greek,11,what is philosophy root word,en
epistemology meaning loss,11,epistemology of loss,en
epistemology meaning loss,11,epistemology of loss meaning,en
epistemology meaning loss,11,epistemology of loss meaning in english,en
epistemology meaning loss,11,epistemology of loss meaning in hindi,en
epistemology meaning loss,11,epistemology word meaning,en
epistemology meaning loss,11,epistemology word origin,en
epistemology meaning loss,11,what is epistemology in hindi,en
epistemology meaning loss,11,what is epistemology of loss,en
epistemology meaning loss,11,what is philosophy hindi meaning,en
epistemology meaning loss,11,what is philosophy meaning in hindi,en
epistemology meaning loss,11,what is philosophy word origin,en
quotes socrates love,11,socrates quotes about loser,en
quotes socrates love,11,socrates quotes about love,en
quotes socrates love,11,socrates quotes about marriage,en
quotes socrates love,11,socrates quotes about nothing,en
quotes socrates love,11,socrates quotes about self,en
quotes socrates love,11,socrates quotes about understanding the self,en
quotes socrates love,11,socrates quotes best,en
quotes socrates love,11,socrates quotes i know nothing,en
quotes socrates love,11,socrates quotes i know nothing meaning,en
quotes socrates love,11,socrates quotes love,en
quotes socrates love,11,socrates quotes on love,en
philosophy course ethics,11,what is philosophy,en
philosophy course ethics,11,what is philosophy a level,en
philosophy course ethics,11,what is philosophy about,en
philosophy course ethics,11,what is philosophy all about,en
philosophy course ethics,11,what is philosophy all about as a course,en
philosophy course ethics,11,what is philosophy and ethics,en
philosophy course ethics,11,what is philosophy as a course,en
philosophy course ethics,11,what is philosophy course,en
philosophy course ethics,11,what is philosophy course all about,en
philosophy course ethics,11,what is philosophy crash course philosophy #1,en
philosophy course ethics,11,what is philosophy ethics,en
epistemology meaning hindi,10,epistemology hindi,en
epistemology meaning hindi,10,epistemology hindi meaning,en
epistemology meaning hindi,10,epistemology history,en
epistemology meaning hindi,10,epistemology in education,en
epistemology meaning hindi,10,epistemology in hindi,en
epistemology meaning hindi,10,epistemology ka hindi meaning,en
epistemology meaning hindi,10,epistemology meaning,en
epistemology meaning hindi,10,epistemology meaning in bengali,en
epistemology meaning hindi,10,epistemology meaning in hindi,en
epistemology meaning hindi,10,epistemology meaning in marathi,en
philosophy quotes reddit,10,epistemology reading list,en
philosophy quotes reddit,10,epistemology reddit,en
philosophy quotes reddit,10,how to study philosophy reddit,en
philosophy quotes reddit,10,how to study philosophy when you're stupid,en
philosophy quotes reddit,10,philosophy quotes list,en
philosophy quotes reddit,10,philosophy quotes reddit,en
philosophy quotes reddit,10,socrates quotes list,en
philosophy quotes reddit,10,socrates quotes reddit,en
philosophy quotes reddit,10,socrates quotes stupid,en
philosophy quotes reddit,10,what is philosophy reading,en
quotes john mill,10,john stuart mill quotes,en
quotes john mill,10,john stuart mill quotes in hindi,en
quotes john mill,10,john stuart mill quotes on democracy,en
quotes john mill,10,john stuart mill quotes on freedom of speech,en
quotes john mill,10,john stuart mill quotes on happiness,en
quotes john mill,10,john stuart mill quotes on liberty,en
quotes john mill,10,john stuart mill quotes on satisfaction,en
quotes john mill,10,john stuart mill quotes on utilitarianism,en
quotes john mill,10,john stuart mill quotes on war,en
quotes john mill,10,john stuart mill quotes pig,en
quotes philosophy friendship,10,philosophy quotes about friendship,en
quotes philosophy friendship,10,philosophy quotes about isolation,en
quotes philosophy friendship,10,philosophy quotes about jealousy,en
quotes philosophy friendship,10,philosophy quotes about joy,en
quotes philosophy friendship,10,philosophy quotes about judgement,en
quotes philosophy friendship,10,philosophy quotes about loneliness,en
quotes philosophy friendship,10,philosophy quotes on friendship,en
quotes philosophy friendship,10,socrates quotes about jealousy,en
quotes philosophy friendship,10,socrates quotes friendship,en
quotes philosophy friendship,10,stoicism quotes on friendship,en
quotes philosophy success,10,philosophy quotes about success,en
quotes philosophy success,10,philosophy quotes about the unknown,en
quotes philosophy success,10,philosophy quotes about time,en
quotes philosophy success,10,philosophy quotes about understanding,en
quotes philosophy success,10,philosophy quotes about unity,en
quotes philosophy success,10,philosophy quotes about violence,en
quotes philosophy success,10,philosophy quotes on time,en
quotes philosophy success,10,philosophy quotes success,en
quotes philosophy success,10,socrates quotes on violence,en
quotes philosophy success,10,what is philosophy understanding,en
aristotle vs plato,10,plato vs aristotle,en
aristotle vs plato,10,plato vs aristotle differences,en
aristotle vs plato,10,plato vs aristotle metaphysics,en
aristotle vs plato,10,plato vs aristotle on art,en
aristotle vs plato,10,plato vs aristotle painting,en
aristotle vs plato,10,plato vs aristotle philosophy,en
aristotle vs plato,10,plato vs aristotle reddit,en
aristotle vs plato,10,plato vs aristotle theatre,en
aristotle vs plato,10,plato vs aristotle virtue ethics,en
aristotle vs plato,10,plato vs aristotle vs socrates,en
quotes socrates man,10,socrates quotes man,en
quotes socrates man,10,socrates quotes marriage,en
quotes socrates man,10,socrates quotes marry,en
quotes socrates man,10,socrates quotes meaning,en
quotes socrates man,10,socrates quotes meme,en
quotes socrates man,10,socrates quotes mind,en
quotes socrates man,10,socrates quotes motivation,en
quotes socrates man,10,socrates quotes no man,en
quotes socrates man,10,socrates quotes on marriage,en
quotes socrates man,10,stoicism quotes for mind and body,en
epistemology study tagalog,9,epistemology in tagalog,en
epistemology study tagalog,9,epistemology in zulu,en
epistemology study tagalog,9,epistemology is,en
epistemology study tagalog,9,epistemology is the study of,en
epistemology study tagalog,9,epistemology study,en
epistemology study tagalog,9,epistemology tagalog,en
epistemology study tagalog,9,epistemology the study of knowledge,en
epistemology study tagalog,9,epistemology theory of knowledge,en
epistemology study tagalog,9,what is epistemology the study of,en
quotes stoicism kya,9,epistemology kya hai,en
quotes stoicism kya,9,epistemology kya hai in hindi,en
quotes stoicism kya,9,stoicism quotes in hindi,en
quotes stoicism kya,9,stoicism quotes in latin,en
quotes stoicism kya,9,stoicism quotes in tamil,en
quotes stoicism kya,9,stoicism quotes latin,en
quotes stoicism kya,9,stoicism quotes on anger,en
quotes stoicism kya,9,stoicism quotes tamil,en
quotes stoicism kya,9,what is philosophy kya hai,en
epistemology psychology questions,9,epistemology psychology,en
epistemology psychology questions,9,epistemology questions,en
epistemology psychology questions,9,epistemology questions and answers,en
epistemology psychology questions,9,epistemology questions examples,en
epistemology psychology questions,9,epistemology questions for students,en
epistemology psychology questions,9,epistemology with examples,en
epistemology psychology questions,9,what is epistemology in psychology,en
epistemology psychology questions,9,what is philosophy and psychology,en
epistemology psychology questions,9,what is philosophy psychology and sociology,en
philosophy study university,9,how to study philosophy,en
philosophy study university,9,how to study philosophy as a hobby,en
philosophy study university,9,how to study philosophy at home,en
philosophy study university,9,how to study philosophy books,en
philosophy study university,9,how to study philosophy for beginners,en
philosophy study university,9,how to study philosophy in india,en
philosophy study university,9,how to study philosophy in university,en
philosophy study university,9,how to study philosophy on your own,en
philosophy study university,9,what is philosophy university,en
quotes nietzsche god,9,nietzsche quotes,en
quotes nietzsche god,9,nietzsche quotes about god,en
quotes nietzsche god,9,nietzsche quotes about life,en
quotes nietzsche god,9,nietzsche quotes abyss,en
quotes nietzsche god,9,nietzsche quotes dark,en
quotes nietzsche god,9,nietzsche quotes in german,en
quotes nietzsche god,9,nietzsche quotes nihilism,en
quotes nietzsche god,9,nietzsche quotes on love,en
quotes nietzsche god,9,nietzsche quotes on truth,en
quotes socrates know,9,socrates quotes it is a shame,en
quotes socrates know,9,socrates quotes justice,en
quotes socrates know,9,socrates quotes kids,en
quotes socrates know,9,socrates quotes know,en
quotes socrates know,9,socrates quotes know nothing,en
quotes socrates know,9,socrates quotes know thyself,en
quotes socrates know,9,socrates quotes know yourself,en
quotes socrates know,9,socrates quotes knowing that you know nothing,en
quotes socrates know,9,socrates quotes wise know nothing,en
quotes socrates poster,9,socrates quotes poster,en
quotes socrates poster,9,socrates quotes power,en
quotes socrates poster,9,socrates quotes question everything,en
quotes socrates poster,9,socrates quotes quotes,en
quotes socrates poster,9,socrates quotes ragebait,en
quotes socrates poster,9,socrates quotes skeleton,en
quotes socrates poster,9,socrates quotes teaching,en
quotes socrates poster,9,socrates quotes to ragebait,en
quotes socrates poster,9,stoicism quotes poster,en
philosophy example explain,9,what is philosophy example,en
philosophy example explain,9,what is philosophy explain,en
philosophy example explain,9,what is philosophy explain in hindi,en
philosophy example explain,9,what is philosophy explain the nature and scope of philosophy,en
philosophy example explain,9,what is philosophy give example,en
philosophy example explain,9,what is philosophy hindi,en
philosophy example explain,9,what is philosophy in hindi,en
philosophy example explain,9,what is philosophy nature and scope,en
philosophy example explain,9,what is philosophy with example,en
chinese philosophy crossword,8,chinese philosophy,en
chinese philosophy crossword,8,chinese philosophy books,en
chinese philosophy crossword,8,chinese philosophy crossword,en
chinese philosophy crossword,8,chinese philosophy crossword clue,en
chinese philosophy crossword,8,chinese philosophy known as the way,en
chinese philosophy crossword,8,chinese philosophy meme,en
chinese philosophy crossword,8,chinese philosophy pdf,en
chinese philosophy crossword,8,chinese philosophy the way,en
short quotes epistemology,8,epistemology,en
short quotes epistemology,8,epistemology a very short introduction,en
short quotes epistemology,8,epistemology adalah,en
short quotes epistemology,8,existentialism quotes short,en
short quotes epistemology,8,philosophy quotes short,en
short quotes epistemology,8,philosophy quotes stickers,en
short quotes epistemology,8,short philosophy quotes about death,en
short quotes epistemology,8,socrates quotes short,en
epistemology metaphysics vs,8,epistemology and ai,en
epistemology metaphysics vs,8,epistemology and metaphysics,en
epistemology metaphysics vs,8,epistemology and metaphysics western,en
epistemology metaphysics vs,8,epistemology epistemology,en
epistemology metaphysics vs,8,epistemology vs metaphysics,en
epistemology metaphysics vs,8,epistemology vs methodology,en
epistemology metaphysics vs,8,epistemology vs ontology vs metaphysics,en
epistemology metaphysics vs,8,epistemology vs pedagogy,en
epistemology vs ontology,8,epistemology ethics,en
epistemology vs ontology,8,epistemology ethics and mind,en
epistemology vs ontology,8,epistemology etymology,en
epistemology vs ontology,8,epistemology vs etymology,en
epistemology vs ontology,8,epistemology vs ontology,en
epistemology vs ontology,8,epistemology vs ontology meaning,en
epistemology vs ontology,8,epistemology vs ontology vs axiology,en
epistemology vs ontology,8,epistemology vs phenomenology,en
quotes epistemology philosophy,8,epistemology nihilism,en
quotes epistemology philosophy,8,epistemology noun,en
quotes epistemology philosophy,8,epistemology of ignorance,en
quotes epistemology philosophy,8,philosophy quotes nihilism,en
quotes epistemology philosophy,8,philosophy quotes of the day,en
quotes epistemology philosophy,8,philosophy quotes on learning,en
quotes epistemology philosophy,8,stoicism quotes for the day,en
quotes epistemology philosophy,8,stoicism quotes of the day,en
youtube epistemology words,8,epistemology words,en
youtube epistemology words,8,epistemology yale,en
youtube epistemology words,8,epistemology youtube,en
youtube epistemology words,8,philosophy quotes youtube,en
youtube epistemology words,8,socrates quotes youtube,en
youtube epistemology words,8,stoicism quotes youtube,en
youtube epistemology words,8,what is philosophy in simple words,en
youtube epistemology words,8,what is philosophy in your own words,en
philosophy ai conference,8,philosophy of ai,en
philosophy ai conference,8,philosophy of ai books,en
philosophy ai conference,8,philosophy of ai conference,en
philosophy ai conference,8,philosophy of ai conference 2026,en
philosophy ai conference,8,philosophy of ai course,en
philosophy ai conference,8,philosophy of ai journal,en
philosophy ai conference,8,philosophy of ai masters,en
philosophy ai conference,8,philosophy of ai phd,en
quotes philosophy wallpaper,8,philosophy quotes to make you think,en
quotes philosophy wallpaper,8,philosophy quotes twitter,en
quotes philosophy wallpaper,8,philosophy quotes unique,en
quotes philosophy wallpaper,8,philosophy quotes wallpaper,en
quotes philosophy wallpaper,8,philosophy quotes wallpaper 4k,en
quotes philosophy wallpaper,8,stoicism quotes wallpaper,en
quotes philosophy wallpaper,8,stoicism quotes wallpaper 4k,en
quotes philosophy wallpaper,8,stoicism quotes wallpaper iphone,en
quotes stoicism epictetus,8,stoicism quotes epictetus,en
quotes stoicism epictetus,8,stoicism quotes epictetus quotes,en
quotes stoicism epictetus,8,stoicism quotes for anxiety,en
quotes stoicism epictetus,8,stoicism quotes for hard times,en
quotes stoicism epictetus,8,stoicism quotes for kids,en
quotes stoicism epictetus,8,stoicism quotes for men,en
quotes stoicism epictetus,8,stoicism quotes on anxiety,en
quotes stoicism epictetus,8,stoicism quotes reddit,en
metaphysics heidegger hindi,8,what is metaphysics,en
metaphysics heidegger hindi,8,what is metaphysics and epistemology,en
metaphysics heidegger hindi,8,what is metaphysics heidegger,en
metaphysics heidegger hindi,8,what is metaphysics in hindi,en
metaphysics heidegger hindi,8,what is metaphysics in philosophy,en
metaphysics heidegger hindi,8,what is metaphysics manipulation,en
metaphysics heidegger hindi,8,what is metaphysics martin heidegger,en
metaphysics heidegger hindi,8,what is philosophy called in hindi,en
philosophy deleuze guattari,8,what is philosophy by deleuze and guattari,en
philosophy deleuze guattari,8,what is philosophy career,en
philosophy deleuze guattari,8,what is philosophy deleuze,en
philosophy deleuze guattari,8,what is philosophy deleuze and guattari,en
philosophy deleuze guattari,8,what is philosophy deleuze and guattari pdf,en
philosophy deleuze guattari,8,what is philosophy deleuze pdf,en
philosophy deleuze guattari,8,what is philosophy gilles deleuze,en
philosophy deleuze guattari,8,what is philosophy pdf deleuze,en
philosophy religion vs,8,what is philosophy of mind,en
philosophy religion vs,8,what is philosophy of religion,en
philosophy religion vs,8,what is philosophy of science,en
philosophy religion vs,8,what is philosophy religion,en
philosophy religion vs,8,what is philosophy religion and ethics,en
philosophy religion vs,8,what is philosophy vs ethics,en
philosophy religion vs,8,what is philosophy vs religion,en
philosophy religion vs,8,what is philosophy vs science,en
kids philosophy epistemology,7,epistemology for dummies,en
kids philosophy epistemology,7,epistemology for kids,en
kids philosophy epistemology,7,epistemology foundationalism,en
kids philosophy epistemology,7,what is philosophy for dummies,en
kids philosophy epistemology,7,what is philosophy for kids,en
kids philosophy epistemology,7,what is philosophy kids,en
kids philosophy epistemology,7,what is philosophy kids book,en
quotes kierkegaard faith,7,kierkegaard quotes leap of faith,en
quotes kierkegaard faith,7,kierkegaard quotes on choice,en
quotes kierkegaard faith,7,kierkegaard quotes on faith,en
quotes kierkegaard faith,7,kierkegaard quotes on ghosting,en
quotes kierkegaard faith,7,kierkegaard quotes on god,en
quotes kierkegaard faith,7,kierkegaard quotes on marriage,en
quotes kierkegaard faith,7,kierkegaard quotes regret,en
quotes philosophy daily,7,philosophy quotes carl jung,en
quotes philosophy daily,7,philosophy quotes confucius,en
quotes philosophy daily,7,philosophy quotes daily,en
quotes philosophy daily,7,philosophy quotes daily stoic,en
quotes philosophy daily,7,philosophy quotes dataset,en
quotes philosophy daily,7,philosophy quotes stoic,en
quotes philosophy daily,7,stoicism quotes daily,en
quotes philosophy bio,7,philosophy quotes for bio,en
quotes philosophy bio,7,philosophy quotes for graduation,en
quotes philosophy bio,7,philosophy quotes for instagram bio,en
quotes philosophy bio,7,philosophy quotes for kids,en
quotes philosophy bio,7,philosophy quotes for students,en
quotes philosophy bio,7,philosophy quotes graduation,en
quotes philosophy bio,7,philosophy quotes in kannada,en
quotes philosophy nature,7,philosophy quotes motivational,en
quotes philosophy nature,7,philosophy quotes nature,en
quotes philosophy nature,7,philosophy quotes new beginnings,en
quotes philosophy nature,7,philosophy quotes on birthday,en
quotes philosophy nature,7,philosophy quotes seneca,en
quotes philosophy nature,7,stoicism quotes about nature,en
quotes philosophy nature,7,what is philosophy discuss the nature and scope of philosophy,en
quotes philosophy pinterest,7,philosophy quotes phil dunphy,en
quotes philosophy pinterest,7,philosophy quotes pinterest,en
quotes philosophy pinterest,7,philosophy quotes positive,en
quotes philosophy pinterest,7,philosophy quotes sad,en
quotes philosophy pinterest,7,philosophy quotes t shirt,en
quotes philosophy pinterest,7,socrates quotes pinterest,en
quotes philosophy pinterest,7,stoicism quotes pinterest,en
quotes socrates questions,7,socrates quotes on asking questions,en
quotes socrates questions,7,socrates quotes on death,en
quotes socrates questions,7,socrates quotes on education,en
quotes socrates questions,7,socrates quotes on equality,en
quotes socrates questions,7,socrates quotes on intelligence,en
quotes socrates questions,7,socrates quotes popular,en
quotes socrates questions,7,socrates quotes questions,en
quotes socrates people,7,socrates quotes smart people,en
quotes socrates people,7,socrates quotes smart people learn,en
quotes socrates people,7,socrates quotes strength,en
quotes socrates people,7,socrates quotes strong minds,en
quotes socrates people,7,socrates quotes strong minds discuss ideas,en
quotes socrates people,7,socrates quotes weak minds,en
quotes socrates people,7,socrates quotes young people,en
philosophy tagalog odia,7,what is philosophy in odia,en
philosophy tagalog odia,7,what is philosophy in tagalog,en
philosophy tagalog odia,7,what is philosophy in xhosa,en
philosophy tagalog odia,7,what is philosophy meaning in tagalog,en
philosophy tagalog odia,7,what is philosophy tagalog,en
philosophy tagalog odia,7,what is philosophy tagalog example,en
philosophy tagalog odia,7,what is philosophy tagalog explanation,en
epistemology knowledge philosophy,6,epistemology karl popper,en
epistemology knowledge philosophy,6,epistemology knowledge,en
epistemology knowledge philosophy,6,epistemology nature of knowledge,en
epistemology knowledge philosophy,6,what is philosophy karl jaspers,en
epistemology knowledge philosophy,6,what is philosophy knowledge,en
epistemology knowledge philosophy,6,what is philosophy nature,en
quotes socrates epistemology,6,epistemology literally means,en
quotes socrates epistemology,6,epistemology logic,en
quotes socrates epistemology,6,socrates quotes by all means marry,en
quotes socrates epistemology,6,socrates quotes children,en
quotes socrates epistemology,6,socrates quotes debate,en
quotes socrates epistemology,6,socrates quotes when the debate,en
epistemology naturalized quine,6,epistemology logo,en
epistemology naturalized quine,6,epistemology là gì,en
epistemology naturalized quine,6,epistemology naturalized,en
epistemology naturalized quine,6,epistemology naturalized quine,en
epistemology naturalized quine,6,epistemology naturalized quine pdf,en
epistemology naturalized quine,6,epistemology pdf,en
epistemology picture ppt,6,epistemology picture,en
epistemology picture ppt,6,epistemology ppt,en
epistemology picture ppt,6,epistemology pronunciation,en
epistemology picture ppt,6,epistemology pronunciation in english,en
epistemology picture ppt,6,what is philosophy picture,en
epistemology picture ppt,6,what is philosophy ppt,en
epistemology wiki quotes,6,epistemology uses,en
epistemology wiki quotes,6,epistemology what is it,en
epistemology wiki quotes,6,epistemology wiki,en
epistemology wiki quotes,6,epistemology wiktionary,en
epistemology wiki quotes,6,socrates quotes wiki,en
epistemology wiki quotes,6,socrates quotes year,en
quotes philosophy philosopher,6,philosopher quotes about self,en
quotes philosophy philosopher,6,philosophical quotes about self awareness,en
quotes philosophy philosopher,6,philosophical quotes about selfishness,en
quotes philosophy philosopher,6,philosophy quotes about selfishness,en
quotes philosophy philosopher,6,philosophy quotes about solitude,en
quotes philosophy philosopher,6,what is philosophy and philosopher,en
quotes philosophy hard,6,philosophy quotes tattoo,en
quotes philosophy hard,6,philosophy quotes telugu,en
quotes philosophy hard,6,philosophy quotes that go hard,en
quotes philosophy hard,6,philosophy quotes that hit hard,en
quotes philosophy hard,6,philosophy quotes to live by,en
quotes philosophy hard,6,stoicism quotes to live by,en
quotes socrates philosophy,6,socrates quotes on younger generation,en
quotes socrates philosophy,6,socrates quotes pdf,en
quotes socrates philosophy,6,socrates quotes philosophy,en
quotes socrates philosophy,6,socrates quotes physical training,en
quotes socrates philosophy,6,socrates quotes politics,en
quotes socrates philosophy,6,what is philosophy politics and economics,en
quotes stoicism ryan,6,stoicism quotes ryan holiday,en
quotes stoicism ryan,6,stoicism quotes seneca,en
quotes stoicism ryan,6,stoicism quotes short,en
quotes stoicism ryan,6,stoicism quotes tattoo,en
quotes stoicism ryan,6,stoicism quotes tiktok,en
quotes stoicism ryan,6,stoicism quotes video,en
philosophy study metaphysics,6,what is metaphysics mean,en
philosophy study metaphysics,6,what is metaphysics the study of,en
philosophy study metaphysics,6,what is philosophy mean,en
philosophy study metaphysics,6,what is philosophy now,en
philosophy study metaphysics,6,what is philosophy study,en
philosophy study metaphysics,6,what is philosophy the study of,en
philosophy brainly aristotle,6,what is philosophy brainly,en
philosophy brainly aristotle,6,what is philosophy by aristotle,en
philosophy brainly aristotle,6,what is philosophy club,en
philosophy brainly aristotle,6,what is philosophy for,en
philosophy brainly aristotle,6,what is philosophy for me,en
philosophy brainly aristotle,6,what is philosophy for you,en
philosophy law ks2,6,what is philosophy ks2,en
philosophy law ks2,6,what is philosophy ks3,en
philosophy law ks2,6,what is philosophy law,en
philosophy law ks2,6,what is philosophy of law,en
philosophy law ks2,6,what is philosophy politics and law,en
philosophy law ks2,6,what is philosophy pre law,en
philosophy module notes,6,what is philosophy module,en
philosophy module notes,6,what is philosophy module 1,en
philosophy module notes,6,what is philosophy nietzsche,en
philosophy module notes,6,what is philosophy not,en
philosophy module notes,6,what is philosophy notes,en
philosophy module notes,6,what is philosophy notes pdf,en
epistemology branches audi,5,epistemology branches,en
epistemology branches audi,5,epistemology by robert audi,en
epistemology branches audi,5,epistemology robert audi,en
epistemology branches audi,5,what is philosophy and its branches,en
epistemology branches audi,5,what is philosophy branches,en
epistemology degree derived,5,epistemology degree,en
epistemology degree derived,5,epistemology derived from,en
epistemology degree derived,5,epistemology deutsch,en
epistemology degree derived,5,what is philosophy degree,en
epistemology degree derived,5,what is philosophy derived from,en
epistemology questions explained,5,epistemology example questions,en
epistemology questions explained,5,epistemology explained,en
epistemology questions explained,5,epistemology explained simply,en
epistemology questions explained,5,epistemology key questions,en
epistemology questions explained,5,epistemology key thinkers,en
epistemology father feldman,5,epistemology father,en
epistemology father feldman,5,epistemology feldman,en
epistemology father feldman,5,epistemology feminism,en
epistemology father feldman,5,epistemology richard feldman,en
epistemology father feldman,5,what is philosophy father,en
epistemology sentence used,5,epistemology humility,en
epistemology sentence used,5,epistemology in a sentence,en
epistemology sentence used,5,epistemology in arabic,en
epistemology sentence used,5,epistemology used in a sentence,en
epistemology sentence used,5,what is philosophy used for,en
epistemology language philosophy,5,epistemology lab,en
epistemology language philosophy,5,epistemology language,en
epistemology language philosophy,5,epistemology lecture,en
epistemology language philosophy,5,what is philosophy language,en
epistemology language philosophy,5,what is philosophy of language,en
epistemology lesson literature,5,epistemology lesson,en
epistemology lesson literature,5,epistemology linguistics,en
epistemology lesson literature,5,epistemology literature,en
epistemology lesson literature,5,what is philosophy lesson 1,en
epistemology lesson literature,5,what is philosophy literature,en
epistemology quiz quotes,5,epistemology quiz,en
epistemology quiz quotes,5,epistemology quotes,en
epistemology quiz quotes,5,epistemology rationalism,en
epistemology quiz quotes,5,what is philosophy quiz,en
epistemology quiz quotes,5,what is philosophy quotes,en
philosophy epistemology vs,5,epistemology stanford encyclopedia of philosophy,en
philosophy epistemology vs,5,epistemology vs philosophy,en
philosophy epistemology vs,5,what is epistemology in philosophy,en
philosophy epistemology vs,5,what is philosophy vs psychology,en
philosophy epistemology vs,5,what is philosophy vs sociology,en
epistemology theology theories,5,epistemology textbook,en
epistemology theology theories,5,epistemology theology,en
epistemology theology theories,5,epistemology theories,en
epistemology theology theories,5,what is philosophy questions and theories,en
epistemology theology theories,5,what is philosophy vs theology,en
epistemology upsc quotes,5,epistemology unibo,en
epistemology upsc quotes,5,epistemology uoft,en
epistemology upsc quotes,5,epistemology upsc,en
epistemology upsc quotes,5,socrates quotes upsc,en
epistemology upsc quotes,5,socrates quotes virtue,en
quotes socrates famous,5,socrates quotes bill and ted's excellent adventure,en
quotes socrates famous,5,socrates quotes body,en
quotes socrates famous,5,socrates quotes bodybuilding,en
quotes socrates famous,5,socrates quotes famous,en
quotes socrates famous,5,socrates quotes most famous,en
quotes socrates en,5,socrates quotes en español,en
quotes socrates en,5,socrates quotes en francais,en
quotes socrates en,5,socrates quotes ethics,en
quotes socrates en,5,socrates quotes exercise,en
quotes socrates en,5,socrates quotes falling down,en
philosophy definition doctor,5,what is philosophy definition,en
philosophy definition doctor,5,what is philosophy doctor,en
philosophy definition doctor,5,what is philosophy dumbed down,en
philosophy definition doctor,5,what is philosophy easy definition,en
philosophy definition doctor,5,what is philosophy meaning and definition,en
subject philosophy arts,5,what is philosophy subject,en
subject philosophy arts,5,what is philosophy subject all about,en
subject philosophy arts,5,what is philosophy subject in arts,en
subject philosophy arts,5,what is philosophy subject in bengali,en
subject philosophy arts,5,what is philosophy subject in college,en
philosophy taglish topic,5,what is philosophy taglish,en
philosophy taglish topic,5,what is philosophy to me,en
philosophy taglish topic,5,what is philosophy to you,en
philosophy taglish topic,5,what is philosophy topic,en
philosophy taglish topic,5,what is philosophy truth,en
epistemology chinese childbirth,4,epistemology childbirth,en
epistemology chinese childbirth,4,epistemology chinese,en
epistemology chinese childbirth,4,epistemology christianity,en
epistemology chinese childbirth,4,zhuangzi quotes in chinese,en
epistemology wood jay,4,epistemology jay wood,en
epistemology wood jay,4,epistemology jobs,en
epistemology wood jay,4,epistemology w jay wood,en
epistemology wood jay,4,what is philosophy jobs,en
epistemology journal articles,4,epistemology journal,en
epistemology journal articles,4,epistemology journal articles,en
epistemology journal articles,4,epistemology jtb,en
epistemology journal articles,4,what is philosophy journal,en
quotes socrates latin,4,socrates quotes latin,en
quotes socrates latin,4,socrates quotes leadership,en
quotes socrates latin,4,socrates quotes learning,en
quotes socrates latin,4,socrates quotes let food be thy medicine,en
philosophy heidegger pdf,4,what is philosophy good for,en
philosophy heidegger pdf,4,what is philosophy heidegger,en
philosophy heidegger pdf,4,what is philosophy heidegger pdf,en
philosophy heidegger pdf,4,what is philosophy pdf,en
philosophy history honours,4,what is philosophy history,en
philosophy history honours,4,what is philosophy honours,en
philosophy history honours,4,what is philosophy hons,en
philosophy history honours,4,what is philosophy of history,en
philosophy question answer,4,what is philosophy question,en
philosophy question answer,4,what is philosophy question answer,en
philosophy question answer,4,what is philosophy quizlet,en
philosophy question answer,4,what is philosophy short answer,en
philosophy research really,4,what is philosophy really about,en
philosophy research really,4,what is philosophy reddit,en
philosophy research really,4,what is philosophy research,en
philosophy research really,4,what is philosophy research paper,en
philosophy simple russell,4,what is philosophy russell,en
philosophy simple russell,4,what is philosophy simple,en
philosophy simple russell,4,what is philosophy simple definition,en
philosophy simple russell,4,what is philosophy simple terms,en
epistemology artinya basics,3,epistemology artinya,en
epistemology artinya basics,3,epistemology basics,en
epistemology artinya basics,3,epistemology beliefs,en
epistemology intellectually becoming,3,epistemology becoming intellectually virtuous,en
epistemology intellectually becoming,3,epistemology becoming intellectually virtuous pdf,en
epistemology intellectually becoming,3,epistemology notes pdf,en
epistemology dictionary drawing,3,epistemology dictionary,en
epistemology dictionary drawing,3,epistemology drawing,en
epistemology dictionary drawing,3,epistemology eli5,en
epistemology founder framework,3,epistemology founder,en
epistemology founder framework,3,epistemology framework,en
epistemology founder framework,3,epistemology geography,en
epistemology handbook hegel,3,epistemology handbook,en
epistemology handbook hegel,3,epistemology hegel,en
epistemology handbook hegel,3,epistemology hierarchy,en
epistemology say know,3,epistemology how to say,en
epistemology say know,3,epistemology how we know what we know,en
epistemology say know,3,epistemology hume,en
epistemology closet summary,3,epistemology of the closet,en
epistemology closet summary,3,epistemology of the closet summary,en
epistemology closet summary,3,epistemology philosophers,en
epistemology refers related,3,epistemology refers to,en
epistemology refers related,3,epistemology related to,en
epistemology refers related,3,epistemology sep,en
epistemology sociology stances,3,epistemology sociology,en
epistemology sociology stances,3,epistemology stances,en
epistemology sociology stances,3,epistemology syllabus,en
epistemology synonym symbol,3,epistemology symbol,en
epistemology synonym symbol,3,epistemology synonym,en
epistemology synonym symbol,3,epistemology synonym and antonym,en
without quotes socrates,3,epistemology without a knowing subject,en
without quotes socrates,3,socrates quotes what are you without it,en
without quotes socrates,3,socrates quotes wife,en
epistemology zhongwen ontology,3,epistemology zhongwen,en
epistemology zhongwen ontology,3,what is epistemology,en
epistemology zhongwen ontology,3,what is epistemology and ontology,en
philosophy important bangla,3,what is philosophy and why is it important,en
philosophy important bangla,3,what is philosophy bangla,en
philosophy important bangla,3,what is philosophy based on,en
philosophy essay etymology,3,what is philosophy essay,en
philosophy essay etymology,3,what is philosophy etymology,en
philosophy essay etymology,3,what is philosophy even about,en
philosophy midgley mary,3,what is philosophy for children,en
philosophy midgley mary,3,what is philosophy for mary midgley,en
philosophy midgley mary,3,what is philosophy for mary midgley pdf,en
philosophy g12 gcse,3,what is philosophy g12,en
philosophy g12 gcse,3,what is philosophy gcse,en
philosophy g12 gcse,3,what is philosophy genre,en
philosophy person human,3,what is philosophy human person,en
philosophy person human,3,what is philosophy humanities,en
philosophy person human,3,what is philosophy of the human person,en
philosophy major mainly,3,what is philosophy mainly about,en
philosophy major mainly,3,what is philosophy major,en
philosophy major mainly,3,what is philosophy major good for,en
philosophy nursing education,3,what is philosophy nursing,en
philosophy nursing education,3,what is philosophy of education,en
philosophy nursing education,3,what is philosophy of life,en
philosophy teaching phd,3,what is philosophy of teaching,en
philosophy teaching phd,3,what is philosophy phd,en
philosophy teaching phd,3,what is philosophy poster,en
philosophy tube uk,3,what is philosophy tube,en
philosophy tube uk,3,what is philosophy uk,en
philosophy tube uk,3,what is philosophy upsc,en
philosophy values vce,3,what is philosophy values,en
philosophy values vce,3,what is philosophy vce,en
philosophy values vce,3,what is philosophy video,en
philosophy wikipedia wisdom,3,what is philosophy wikipedia,en
philosophy wikipedia wisdom,3,what is philosophy wisdom,en
philosophy wikipedia wisdom,3,what is philosophy with citation,en
philosophy reference wittgenstein,3,what is philosophy with reference,en
philosophy reference wittgenstein,3,what is philosophy wittgenstein,en
philosophy reference wittgenstein,3,what is philosophy work,en
contemporary epistemology classic,2,epistemology classic problems and contemporary responses,en
contemporary epistemology classic,2,epistemology contemporary readings,en
epistemology crisis critical,2,epistemology crisis,en
epistemology crisis critical,2,epistemology critical realism,en
epistemology chart flow,2,epistemology flow chart,en
epistemology chart flow,2,epistemology for beginners,en
epistemology german gettier,2,epistemology german,en
epistemology german gettier,2,epistemology gettier problem,en
epistemology john locke,2,epistemology john locke,en
epistemology john locke,2,epistemology jokes,en
epistemology ka arth,2,epistemology ka arth,en
epistemology ka arth,2,epistemology ki,en
epistemology ne demek,2,epistemology ne demek,en
epistemology ne demek,2,epistemology nedir,en
epistemology experiments thought,2,epistemology thought experiments,en
epistemology experiments thought,2,epistemology topics,en
philosophy bisaya emulsion,2,what is philosophy bisaya,en
philosophy bisaya emulsion,2,what is philosophy body emulsion,en
philosophy hope jar,2,what is philosophy hope in a jar,en
philosophy hope jar,2,what is philosophy in bengali,en
logic philosophy existence,2,what is philosophy logic,en
logic philosophy existence,2,what is philosophy logic and human existence,en
philosophy vikas divyakirti,2,what is philosophy vikas divyakirti,en
philosophy vikas divyakirti,2,what is philosophy wiki,en
philosophy yoga youtube,2,what is philosophy yoga,en
philosophy yoga youtube,2,what is philosophy youtube,en
true justified epistemology,1,epistemology justified true belief,en
quotes wang yangming,1,wang yangming quotes,en
quotes yang zhu,1,yang zhu quotes,en
